{
  "x": [
    0.3400735294117647,
    0.5018382352941176,
    0.6121323529411765,
    0.22426470588235295,
    0.19669117647058823,
    0.09375,
    0.16911764705882354
  ],
  "y": [
    0.30330882352941174,
    0.3382352941176471,
    0.47058823529411764,
    0.3584558823529412,
    0.11397058823529412,
    0.21691176470588236,
    0.47610294117647056
  ],
  "rotacion": [
    405,
    0,
    -45,
    810,
    -135,
    -25.5,
    315
  ],
  "reflejar": -1,
  "longitud": [
    24,
    24,
    12,
    17,
    12,
    1,
    1
  ]
}
