{
  "x": [
    0.5661764705882353,
    0.26838235294117646,
    0.26838235294117646,
    0.42830882352941174,
    0.5018382352941176,
    0.6691176470588235,
    0.10110294117647059
  ],
  "y": [
    0.28308823529411764,
    0.40625,
    0.5477941176470589,
    0.3860294117647059,
    0.4834558823529412,
    0.3474264705882353,
    0.4227941176470588
  ],
  "rotacion": [
    540,
    180,
    -135,
    1080,
    270,
    -45,
    292.5
  ],
  "reflejar": -1,
  "longitud": [
    24,
    24,
    12,
    17,
    12,
    1,
    1
  ]
}
