{
  "x": [
    0.4411764705882353,
    0.30330882352941174,
    0.34375,
    0.2647058823529412,
    0.14154411764705882,
    0.3235294117647059,
    0.6084558823529411
  ],
  "y": [
    0.46139705882352944,
    0.37316176470588236,
    0.6158088235294118,
    0.13051470588235295,
    0.35110294117647056,
    0.23161764705882354,
    0.5753676470588235
  ],
  "rotacion": [
    315,
    -90,
    0,
    585,
    -135,
    0,
    262.5
  ],
  "reflejar": 1,
  "longitud": [
    24,
    24,
    12,
    17,
    12,
    1,
    1
  ]
}
