{
  "x": [
    0.4375,
    0.40441176470588236,
    0.4117647058823529,
    0.3069852941176471,
    0.2977941176470588,
    0.35294117647058826,
    0.6066176470588235
  ],
  "y": [
    0.6470588235294118,
    0.4889705882352941,
    0.15625,
    0.43933823529411764,
    0.15073529411764705,
    0.23713235294117646,
    0.6305147058823529
  ],
  "rotacion": [
    0,
    -45,
    136.5,
    135,
    -43.5,
    46.5,
    -28.5
  ],
  "reflejar": 1,
  "longitud": [
    24,
    24,
    12,
    17,
    12,
    1,
    1
  ]
}
