{
  "x": [
    0.15625,
    0.2922794117647059,
    0.6139705882352942,
    0.39705882352941174,
    0.2536764705882353,
    0.5147058823529411,
    0.4522058823529412
  ],
  "y": [
    0.5514705882352942,
    0.4650735294117647,
    0.4632352941176471,
    0.5,
    0.7040441176470589,
    0.44485294117647056,
    0.6158088235294118
  ],
  "rotacion": [
    495,
    180,
    -270,
    1080,
    450,
    0,
    405
  ],
  "reflejar": 1,
  "longitud": [
    24,
    24,
    12,
    17,
    12,
    1,
    1
  ]
}
