{
  "x": [
    0.34191176470588236,
    0.15441176470588236,
    0.4264705882352941,
    0.19301470588235295,
    0.4852941176470588,
    0.3125,
    0.4411764705882353
  ],
  "y": [
    0.5165441176470589,
    0.5110294117647058,
    0.21875,
    0.3915441176470588,
    0.1636029411764706,
    0.3474264705882353,
    0.34558823529411764
  ],
  "rotacion": [
    495,
    180,
    -45,
    945,
    45,
    -45,
    270
  ],
  "reflejar": -1,
  "longitud": [
    24,
    24,
    12,
    17,
    12,
    1,
    1
  ]
}
