{
  "x": [
    0.4172794117647059,
    0.40625,
    0.34375,
    0.27941176470588236,
    0.6617647058823529,
    0.5772058823529411,
    0.16727941176470587
  ],
  "y": [
    0.28308823529411764,
    0.14705882352941177,
    0.49264705882352944,
    0.31433823529411764,
    0.17647058823529413,
    0.1213235294117647,
    0.43014705882352944
  ],
  "rotacion": [
    180,
    -135,
    -135,
    720,
    -136.5,
    45,
    135
  ],
  "reflejar": -1,
  "longitud": [
    24,
    24,
    12,
    17,
    12,
    1,
    1
  ]
}
