{
    "x": [
      300,
      310,
      369,
      371,
      370,
      441,
      370
    ],
    "y": [
      171,
      240,
      287,
      123,
      174,
      208,
      235
    ],
    "rotacion": [
      -44.730000000000025,
      -134.83035094440004,
      90.57000000000014,
      90.285,
      -44.82000000000002,
      0,
      -44.68500000000006
    ],
    "reflejar": 1
  }
  