{
    "x": [
      436,
      394,
      435,
      499,
      499,
      478,
      415
    ],
    "y": [
      130,
      186,
      208,
      145,
      251,
      187,
      251
    ],
    "rotacion": [
      0,
      -90.04499999999996,
      180.26999999999978,
      90.46500000000007,
      0,
      0,
      0
    ],
    "reflejar": 1
  }
  