{
    "x": [
      350,
      377,
      279,
      320,
      292,
      299,
      466
    ],
    "y": [
      230,
      319,
      81,
      82,
      204,
      124,
      319
    ],
    "rotacion": [
      -89.94000000000018,
      -44.74499999999997,
      -90.04500000000017,
      91.09499999999998,
      135.1050000000006,
      0,
      -45.465000000000046
    ],
    "reflejar": -1
  }
  