{
    "x": [
      336,
      426,
      489,
      495,
      486,
      474,
      452
    ],
    "y": [
      242,
      268,
      74,
      196,
      239,
      155,
      92
    ],
    "rotacion": [
      0,
      -44.835000000000015,
      44.564999999999955,
      90.13500000000008,
      -45.030000000000086,
      0,
      -89.77500000000006
    ],
    "reflejar": -1
  }
  