{
    "x": [
      325,
      407,
      350,
      246,
      306,
      335,
      457
    ],
    "y": [
      217,
      261,
      339,
      198,
      88,
      147,
      326
    ],
    "rotacion": [
      225.2399999999999,
      -89.95500000000006,
      -45.705000000000005,
      -179.54999999999978,
      -134.70000000000005,
      45.03000000000003,
      64.21500000000006
    ],
    "reflejar": -1
  }
  