{
    "x": [
      0.18032786885245902,
      0.18032786885245902,
      0.33515482695810567,
      0.3005464480874317,
      0.3406193078324226,
      0.46083788706739526,
      0.3205828779599271
    ],
    "y": [
      0.24408014571949,
      0.4007285974499089,
      0.48816029143898,
      0.26229508196721313,
      0.16029143897996356,
      0.3333333333333333,
      0.3843351548269581
    ],
    "rotacion": [
      0,
      -90,
      135,
      -45,
      496.5,
      -39,
      -45
    ],
    "reflejar": 1,
    "longitud": [
      24,
      24,
      12,
      17,
      12,
      1,
      1
    ]
  }
  