{
    "x": [
      390,
      348,
      389,
      453,
      453,
      431,
      369
    ],
    "y": [
      142,
      198,
      219,
      157,
      261,
      199,
      261
    ],
    "rotacion": [
      0,
      -90.49500000000015,
      179.3549999999996,
      90.25500000000017,
      -0.3300000000000099,
      0,
      0
    ]
  }
  