{
  "x": [
    0.2849264705882353,
    0.39889705882352944,
    0.20955882352941177,
    0.48713235294117646,
    0.20772058823529413,
    0.5919117647058824,
    0.5036764705882353
  ],
  "y": [
    0.40808823529411764,
    0.40808823529411764,
    0.5569852941176471,
    0.59375,
    0.25,
    0.40808823529411764,
    0.2261029411764706
  ],
  "rotacion": [
    135,
    -45,
    -3,
    672,
    -99,
    46.5,
    -45
  ],
  "reflejar": 1,
  "longitud": [
    24,
    24,
    12,
    17,
    12,
    1,
    1
  ]
}
