{
  "x": [
    0.4834558823529412,
    0.30514705882352944,
    0.10477941176470588,
    0.4209558823529412,
    0.2849264705882353,
    0.19117647058823528,
    0.6158088235294118
  ],
  "y": [
    0.5,
    0.44669117647058826,
    0.17095588235294118,
    0.3694852941176471,
    0.17830882352941177,
    0.27389705882352944,
    0.4430147058823529
  ],
  "rotacion": [
    496.5,
    316.5,
    -223.5,
    1126.5,
    318,
    1.5,
    435
  ],
  "reflejar": 1,
  "longitud": [
    24,
    24,
    12,
    17,
    12,
    1,
    1
  ]
}
