{
    "x": [
      0.35110294117647056,
      0.3805147058823529,
      0.3474264705882353,
      0.4025735294117647,
      0.4375,
      0.28308823529411764,
      0.4209558823529412
    ],
    "y": [
      0.4797794117647059,
      0.6801470588235294,
      0.3069852941176471,
      0.20036764705882354,
      0.5643382352941176,
      0.22794117647058823,
      0.35294117647058826
    ],
    "rotacion": [
      -46.5,
      -135,
      133.5,
      268.5,
      133.5,
      45,
      -91.5
    ],
    "reflejar": 1,
    "longitud": [
      24,
      24,
      12,
      17,
      12,
      1,
      1
    ]
  }
  