{
    "x": [
      0.28308823529411764,
      0.17095588235294118,
      0.4227941176470588,
      0.3952205882352941,
      0.27941176470588236,
      0.36580882352941174,
      0.23897058823529413
    ],
    "y": [
      0.16176470588235295,
      0.27389705882352944,
      0.19117647058823528,
      0.3915441176470588,
      0.33639705882352944,
      0.2775735294117647,
      0.40441176470588236
    ],
    "rotacion": [
      45,
      -45,
      135,
      360,
      -135,
      45,
      360
    ],
    "reflejar": 1,
    "longitud": [
      24,
      24,
      12,
      17,
      12,
      1,
      1
    ]
  }
  