{
    "x": [
      0.4963235294117647,
      0.21875,
      0.3805147058823529,
      0.6709558823529411,
      0.17279411764705882,
      0.6121323529411765,
      0.43933823529411764
    ],
    "y": [
      0.2775735294117647,
      0.2536764705882353,
      0.5165441176470589,
      0.6066176470588235,
      0.6102941176470589,
      0.45036764705882354,
      0.6360294117647058
    ],
    "rotacion": [
      0,
      0,
      0,
      0,
      0,
      0,
      0
    ],
    "reflejar": 1,
    "longitud": [
      24,
      24,
      12,
      17,
      12,
      1,
      1
    ]
  }
  